name,email,city
Alice,alice@gmail.com,New York
Bob,bob@yahoo.com,Chicago
Charlie,charlie@gmail.com,San Francisco
David,david@gmail.com,Texas
Emma,emma@yahoo.com,New York
Rahul,rahul@gmail.com,Bangalore
Priya,priya@yahoo.com,Hyderabad
Arjun,arjun@gmail.com,Mumbai
Sneha,sneha@gmail.com,Chennai
Vikram,vikram@yahoo.com,Delhi